{
	"info": {
		"_postman_id": "ee3ea997-39d6-4d94-b0b1-6211708ef3e4",
		"name": "Mini Job Board - API Collection",
		"description": "Auth (all endpoints), Jobs (public list/show), Employer (CRUD). Run top-to-bottom.",
		"schema": "https://schema.getpostman.com/json/collection/v2.1.0/collection.json",
		"_exporter_id": "26811673"
	},
	"item": [
		{
			"name": "Auth",
			"item": [
				{
					"name": "Register Employer",
					"request": {
						"method": "POST",
						"header": [
							{
								"key": "Content-Type",
								"value": "application/json"
							}
						],
						"body": {
							"mode": "raw",
							"raw": "{\r\n    \"name\": \"Acme HR\",\r\n    \"email\": \"hr@example.test\",\r\n    \"password\": \"Secret123!\",\r\n    \"role\": \"employer\"\r\n}"
						},
						"url": {
							"raw": "{{base_url}}/api/v1/auth/register",
							"host": [
								"{{base_url}}"
							],
							"path": [
								"api",
								"v1",
								"auth",
								"register"
							]
						}
					},
					"response": []
				},
				{
					"name": "Login Employer",
					"request": {
						"method": "POST",
						"header": [
							{
								"key": "Content-Type",
								"value": "application/json"
							}
						],
						"body": {
							"mode": "raw",
							"raw": "{\r\n    \"email\": \"shadhir@gmail.com\",\r\n    \"password\": \"Secret123!\"\r\n}"
						},
						"url": {
							"raw": "{{base_url}}/api/v1/auth/login",
							"host": [
								"{{base_url}}"
							],
							"path": [
								"api",
								"v1",
								"auth",
								"login"
							]
						}
					},
					"response": []
				},
				{
					"name": "Me (Authenticated User)",
					"request": {
						"method": "GET",
						"header": [],
						"url": {
							"raw": "{{base_url}}/api/v1/auth/me",
							"host": [
								"{{base_url}}"
							],
							"path": [
								"api",
								"v1",
								"auth",
								"me"
							]
						}
					},
					"response": []
				},
				{
					"name": "Refresh (uses refresh_token cookie)",
					"request": {
						"method": "POST",
						"header": [],
						"body": {
							"mode": "raw",
							"raw": ""
						},
						"url": {
							"raw": "{{base_url}}/api/v1/auth/refresh",
							"host": [
								"{{base_url}}"
							],
							"path": [
								"api",
								"v1",
								"auth",
								"refresh"
							]
						}
					},
					"response": []
				},
				{
					"name": "Logout",
					"request": {
						"method": "POST",
						"header": [],
						"body": {
							"mode": "raw",
							"raw": ""
						},
						"url": {
							"raw": "{{base_url}}/api/v1/auth/logout",
							"host": [
								"{{base_url}}"
							],
							"path": [
								"api",
								"v1",
								"auth",
								"logout"
							]
						}
					},
					"response": []
				},
				{
					"name": "Register Candidate",
					"request": {
						"method": "POST",
						"header": [
							{
								"key": "Content-Type",
								"value": "application/json"
							}
						],
						"body": {
							"mode": "raw",
							"raw": "{\"name\": \"Jane Doe\", \"email\": \"jane@example.test\", \"password\": \"Secret123!\", \"role\": \"candidate\"}"
						},
						"url": {
							"raw": "{{base_url}}/api/v1/auth/register",
							"host": [
								"{{base_url}}"
							],
							"path": [
								"api",
								"v1",
								"auth",
								"register"
							]
						}
					},
					"response": []
				},
				{
					"name": "Login Candidate",
					"request": {
						"method": "POST",
						"header": [
							{
								"key": "Content-Type",
								"value": "application/json"
							}
						],
						"body": {
							"mode": "raw",
							"raw": "{\"email\": \"jane@example.test\", \"password\": \"Secret123!\"}"
						},
						"url": {
							"raw": "{{base_url}}/api/v1/auth/login",
							"host": [
								"{{base_url}}"
							],
							"path": [
								"api",
								"v1",
								"auth",
								"login"
							]
						}
					},
					"response": []
				}
			]
		},
		{
			"name": "Jobs",
			"item": [
				{
					"name": "Public - Jobs List",
					"request": {
						"method": "GET",
						"header": [],
						"url": {
							"raw": "{{base_url}}/api/v1/jobs?keyword=&location=&job_type=&sort=created_at&per_page=5",
							"host": [
								"{{base_url}}"
							],
							"path": [
								"api",
								"v1",
								"jobs"
							],
							"query": [
								{
									"key": "keyword",
									"value": ""
								},
								{
									"key": "location",
									"value": ""
								},
								{
									"key": "job_type",
									"value": ""
								},
								{
									"key": "sort",
									"value": "created_at"
								},
								{
									"key": "per_page",
									"value": "5"
								}
							]
						}
					},
					"response": []
				},
				{
					"name": "Public - Job Show",
					"request": {
						"method": "GET",
						"header": [],
						"url": {
							"raw": "{{base_url}}/api/v1/jobs/{{job_id}}",
							"host": [
								"{{base_url}}"
							],
							"path": [
								"api",
								"v1",
								"jobs",
								"{{job_id}}"
							]
						}
					},
					"response": []
				}
			]
		},
		{
			"name": "Employer",
			"item": [
				{
					"name": "Create Job",
					"event": [
						{
							"listen": "test",
							"script": {
								"exec": [
									"pm.test('Status 201', function () { pm.response.to.have.status(201); });",
									"let json; try { json = pm.response.json(); } catch(e) { json = {}; }",
									"let id = json?.data?.id || json?.id;",
									"pm.test('Job ID captured', function () { pm.expect(id).to.be.ok; });",
									"if (id) { pm.collectionVariables.set('job_id', String(id)); }"
								],
								"type": "text/javascript",
								"packages": {}
							}
						}
					],
					"request": {
						"method": "POST",
						"header": [
							{
								"key": "Content-Type",
								"value": "application/json"
							}
						],
						"body": {
							"mode": "raw",
							"raw": "{\r\n    \"title\": \"Full Stack Engineer\",\r\n    \"description\": \"Springboot + MySQL\",\r\n    \"location\": \"Kandy\",\r\n    \"job_type\": \"part_time\"\r\n}"
						},
						"url": {
							"raw": "{{base_url}}/api/v1/employer/jobs",
							"host": [
								"{{base_url}}"
							],
							"path": [
								"api",
								"v1",
								"employer",
								"jobs"
							]
						}
					},
					"response": []
				},
				{
					"name": "List My Jobs",
					"request": {
						"method": "GET",
						"header": [],
						"url": {
							"raw": "{{base_url}}/api/v1/employer/jobs?per_page=5",
							"host": [
								"{{base_url}}"
							],
							"path": [
								"api",
								"v1",
								"employer",
								"jobs"
							],
							"query": [
								{
									"key": "per_page",
									"value": "5"
								}
							]
						}
					},
					"response": []
				},
				{
					"name": "Update Job",
					"request": {
						"method": "PUT",
						"header": [
							{
								"key": "Content-Type",
								"value": "application/json"
							}
						],
						"body": {
							"mode": "raw",
							"raw": "{\r\n    \"title\": \"Senior Developer\"\r\n}"
						},
						"url": {
							"raw": "{{base_url}}/api/v1/employer/jobs/{{job_id}}",
							"host": [
								"{{base_url}}"
							],
							"path": [
								"api",
								"v1",
								"employer",
								"jobs",
								"{{job_id}}"
							]
						}
					},
					"response": []
				},
				{
					"name": "Delete Job",
					"request": {
						"method": "DELETE",
						"header": [],
						"url": {
							"raw": "{{base_url}}/api/v1/employer/jobs/{{job_id}}",
							"host": [
								"{{base_url}}"
							],
							"path": [
								"api",
								"v1",
								"employer",
								"jobs",
								"{{job_id}}"
							]
						}
					},
					"response": []
				}
			]
		}
	],
	"variable": [
		{
			"key": "base_url",
			"value": "http://localhost:8000"
		},
		{
			"key": "job_id",
			"value": ""
		},
		{
			"key": "application_id",
			"value": ""
		},
		{
			"key": "resume_url",
			"value": ""
		}
	]
}